{"cameraMode":{"drawMode":0,"name":"Shaded","section":"Shading Mode"},"sceneLighting":true,"audioPlay":false,"sceneViewState":{"showFog":false,"showMaterialUpdate":false,"showSkybox":false,"showFlares":false,"showImageEffects":false,"showParticleSystems":false},"in2DMode":false,"pivot":{"x":-5.518331527709961,"y":1.8074871301651,"z":2.9524199962615969},"rotation":{"x":-0.031175842508673669,"y":0.6083658337593079,"z":-0.023927193135023118,"w":-0.7926768660545349},"size":6.904728889465332,"orthographic":false}